Location,Id,Code,Parking
LIDADOR /HOSPITAL,1,LD3372,1
SRA.CAMPANHÃ,2,SR2852,0
VIELA MEIRAL,3,VML,0
PR. DAS FLORES,4,PR2490,0
FRANCOS Z. INDUSTR,5,FZIN1,0
VILA NOVA FOZ CÔA,6,VN4702,0
SRA.PENHA,7,SRP1,0
VIA NORTE (CIRC.),8,VN3293,0
S.RA PENHA,9,SRP2,0
CORUJEIRA,10,CR2390,1
CAPELA SRA. SAÚDE,11,CSS2,0
TV.PIAS,12,TP8140,0
CONTUMIL (METRO),13,CN8102,0
COTOVIAS,14,CT4034,0
TV. PRESA,15,TPR,0
CHAVES OLIVEIRA,16,CHOL2,0
C. SAÚDE CAMPANHÃ,17,CSC,0
MARQUÊS,18,MP1840,1
EDP,19,ED1183,0
PARQUE DE REAL,20,PR1973,0
RIO LEÇA,21,RL2726,1
GUEDES AMORIM,22,GA1,0
R. AZEVEDO,23,RAZ,0
CAPELA S.RA SAÚDE,24,CSS3,0
VALONGO (CENTRO),25,VA1377,0
PESO DA RÉGUA,26,PR1831,0
ROT. DO BESSA,27,RBSS2,0
ALFENA,28,AL2335,0
MONTE TADEU,29,MTT2,0
CALOUSTE GULBENKIAN,30,CG1903,0
STO. ISIDRO,31,SI2,0
D. JOÃO IV,32,DJOA4,0
TEIXEIRA PASCOAIS,33,TXP1,0
JOÃO DE DEUS,34,JD2306,1
D.AMÉLIA,35,DAM,0
SAIBREIRAS,36,SB2955,0
MOREIRA,37,MO7922,0
R. TENENTE VALADIM,38,RT3208,0
28 DE JANEIRO,39,281460,0
PISCINA CAMPANHÃ,40,PC3146,0
S.TO ISIDRO,41,SI1,0
PONTE ARRÁBIDA,42,PA9908,0
R. DA ALEGRIA,43,RALG,0
AGRAMONTE,44,AG2210,0
REVILÃO,45,RE3339,0
BONFIM,46,BF1835,0
FÁBRICA DO COBRE,47,FB3242,0
FLUVIAL,48,FL1848,1
ALAMEDA,49,AL1295,0
PROF.MELO ADRIÃO,50,PFMA1,0
PINHEIRO MANSO,51,PI3389,0
LIDADOR/M.MONIZ,52,LDDM1,0
D.LEONOR,53,DL2689,0
PASSARIAS,54,PS1684,0
ANTÓNIO PATRÍCIO,55,AP6420,0
CANDAL,56,CDL2,0
QUINTA DE MOREIRA,57,QT2426,0
MIMOSAS,58,MI9473,0
ISOLINO SOUSA,59,IS1015,0
LOPES DE MENDONÇA,60,LME1,0
PARQUE DA PRELADA,61,PP2277,0
SOUSA NOGUEIRA,62,SN2822,0
HOSPITAL DA PRELADA,63,HP3242,0
TV. LOUREIRO,64,TLR,0
DANIEL SERRÃO,65,DSRR1,0
MONCHIQUE,66,MO3337,0
RIO DA FONTE,67,RF2899,0
JOSÉ PORTUGAL,68,JP6553,0
DOZE CASAS,69,DC9914,0
HOSP. ST. ANTÓNIO,70,HSA5,0
R.PARTICULAR MONSANTO,71,RPM2,0
FOCO,72,FO9891,0
VILARINHA,73,VL8486,0
GOMES JÚNIOR,74,GJ2027,0
CAMPOLINHO,75,CP2737,0
JOSÉ POÇAS,76,JS1248,0
AKI,77,AK2386,0
STO.  ANTÓNIO,78,SAN2,0
GUINDAIS,79,GN2585,0
PEDREIRAS,80,PD1337,0
CABINE,81,CA2892,0
A.SANTOS (ESCOLAS),82,AMSE,0
VILA D ESTE,83,VDE,0
MOUZINHO SILVEIRA,84,MS1,0
COELHO MOREIRA,85,COEM,0
STA. JUSTA,86,ST1954,0
BAIRRO DO VISO,87,BRVS,0
VALADARES (ESCOLAS),88,VALE,0
STO. ANTÓNIO,89,SA6549,0
S.RA DA PAZ,90,SP2293,0
R.BOA HORA,91,RB8115,0
R. PADRE PORTO CARRERO,92,RP1027,0
REGUENGO,93,RG2344,0
CAPITÃO MOURA,94,CM3394,0
IPO (CIRCUNVAL.),95,IP1771,0
ERMIDA,96,ER2955,0
MONTES DA COSTA,97,MC1631,0
GONDOMAR (SOUTO),98,GODS,0
CEDRO,99,CDR1,0
R.ORIENTAL,100,RO1677,0
SOL POENTE,101,SO4917,0
LIDADOR,102,LD2795,1
MEILÃO,103,ME1542,0
STO.CONDESTÁVEL,104,SC1628,0
CRESTINS (STA. LUZIA),105,ST1095,0
VENDA NOVA,106,VD8079,0
PLANETÁRIO,107,PL2535,0
BAZAR,108,BZ2583,0
FLUVIAL (NORTE),109,FL3318,0
BR. STO.EUGÉNIO (ESCOLA),110,BSEE1,0
DR. BARROS,111,DR1961,0
SIMÕES LOPES,112,SLOP,0
CAVACO,113,CV3149,0
IGREJA DA MAIA,114,IM6138,0
CASAL DOS MOGOS,115,CM1711,0
ALTINO  COELHO,116,AC2182,0
S. LÁZARO,117,SL1176,0
PINTA,118,PI3236,0
TV.CONSELHEIRO VELOSO DA CRUZ,119,TCVC,0
AQUILINO RIBEIRO,120,AQ2796,0
ESCOLA NORMAL,121,ES6335,0
LARGO DOS MOGOS,122,LM1408,0
R.CHAQUEDAS,123,RCH1,0
ROT.AGRA,124,AG1272,0
ESC. AURÉLIA SOUSA,125,AUS,0
R. ZAMBUEIRAS,126,RZ1532,0
FONTINHA,127,FT2297,0
HOSP.MAGALHÃES LEMOS,128,HM1218,1
AREOSA (MERCADO),129,AR2202,0
R. RODELO,130,RRDL2,0
CAIS 6,131,C62220,0
ASSOC. EMP. PORTUGAL,132,AE2388,0
ALTO CHAQUEDAS,133,AC1332,0
SOARES CORREIA,134,SOCR,0
BAIRRO VILARINHA,135,BR2729,0
TV.ARDEGÃES,136,TARG2,0
LABORIM,137,LB5790,0
HIPERMERCADO,138,HI1156,0
ELEVADOR GUINDAIS,139,EL1125,0
CRUZEIRO,140,CR1595,1
SPORT CLUBE CANIDELO,141,SC1522,0
MAIA,142,MAIA,0
TV.AUGUSTO SIMÕES,143,TVAS1,0
ALBERTO O CANTADOR,144,AC2905,0
EDIF. TRANSPARENTE,145,ETRP2,0
IGREJA DE RAMALDE,146,IR2166,0
NUNO TRISTÃO,147,NT1289,0
REGEDOURA,148,RG8030,0
PAULO RANITO,149,PRNT,0
FONTES,150,FT3333,0
S.PEDRO,151,SP4,0
IGREJA RIO TINTO 1,152,IGRT1,0
JARDIM DO MORRO,153,JM1319,0
ARRÁBIDASHOPPING,154,AR1472,0
URB. VILA D'ESTE,155,UV1403,0
TRIBUNAL DE GAIA,156,TR9980,0
STA.LUZIA,157,ST1194,0
COVINA,158,CO3177,0
DUQUE TERCEIRA,159,DT2,0
PALMILHEIRA,160,PM2786,0
ALFÉRES PEREIRA,161,ALPR1,0
PASSOS MANUEL,162,PS2465,0
PEDRO HISPANO,163,PH1918,0
R. IGREJA,164,RI4113,0
ABELHEIRA,165,AB3283,0
ALEX. HERCULANO,166,AL2408,1
MONTE,167,MTE,0
LOMBA (GATÕES),168,LM2164,0
E. SEC. G. ZARCO,169,GC2640,0
FUNCHAL,170,FC2707,0
LOMBA,171,LM3272,0
INFANTE D. HENRIQUE,172,INFH1,0
PARQUE DA CIDADE,173,PR2125,0
GUIFÕES,174,GU2226,0
MATOSINHOS MERCADO,175,MA4323,0
FRESCA,176,FS1335,0
QUINTA DE SANTIAGO,177,QS2101,0
PONTE MOVEL,178,PM3375,0
CABEDA,179,CB1286,0
HOSP. S. JOÃO (METRO),180,HS9437,0
EGAS MONIZ,181,EM2080,0
HIPÓDROMO,182,HIPD,0
4 CAMINHOS,183,4C2453,0
SARILHOS,184,SA5768,0
ÁLVARO CASTELÕES,185,AC2970,0
SRA. HORA (HIPER),186,SR7407,0
MATOSINHOS (MERCADO),187,MATM2,0
FORMIGA CEMITÉRIO,188,FM4659,0
CÂNDIDO REIS (METRO),189,CR1955,0
BARROCAS,190,BR2518,0
TEATRO VILARINHA,191,TV1557,0
TV.MELO PEREIRA,192,TMPR1,0
MONTE ESPINHO,193,MT1388,0
FREI ÁLVARO PINTO,194,FA2740,0
JOÃO R. CABRILHO,195,JRC1,0
ESC.SEC.de RIO TINTO,196,ES8542,0
R.FERROVIÁRIO,197,RF3641,0
SR. MATOSINHOS,198,SMAT4,0
CUSTÓIAS,199,CU2745,0
PONTE CARRO,200,PC1462,0
TORRES,201,TR1550,0
D.DINIS,202,DD2008,0
AREOSA,203,AR8113,1
UNIV. CATÓLICA,204,UC4142,0
BR. COSTA CABRAL,205,BR2565,0
R.MARINHA,206,RM2464,0
IGREJA DE MASSARELOS,207,IG1492,0
D.JOÃO III,208,DJ2951,0
PASTELEIRA,209,PA1372,1
BR. CAMPINAS,210,BR1267,0
PIRES DE LIMA,211,PL3065,0
S.TA CATARINA,212,SC1303,0
PÓLO UNIVERSITÁRIO (METRO),213,PUNV,0
MONSANTO,214,MS7550,0
PALMEIRAS,215,PL1632,0
CARTES,216,CR2384,1
JOÃO BARROS,217,JB2522,0
EMÍDIO NAVARRO,218,EM1589,0
IGREJA DE  ALDOAR,219,IGAL2,0
PAULO DA GAMA,220,PG3116,0
ANTAS (L. CIDADÃO),221,AN8378,0
FÓRUM,222,FO4447,0
BOLHÃO,223,BL2517,0
HEROISMO,224,HE2601,0
FERNÃO MENDES PINTO,225,FMPT,0
PADRE LUIS CABRAL,226,PC9232,0
CONDE D.PEDRO,227,CDPD,0
QUINTA CHÃOS,228,QC1794,0
PADRÃO,229,PD2121,0
FONTE VILA,230,FT3163,0
JARDIM BOTÂNICO,231,JB9828,0
GOMES COSTA 1,232,GC3111,0
CAMPO 24 AGOSTO,233,C24A4,0
CORDOARIA VELHA,234,CR1603,0
ALEIXO,235,AL1497,0
BR. FALCÃO,236,BF2552,0
ARCA D ÁGUA,237,AD4498,0
QUEIRÃOS,238,QR1888,0
BICA VELHA,239,BV2048,0
MOINHOS,240,MO2214,0
LAPA,241,LA7245,0
VIRIATO,242,VTO4,0
ARROTEIA,243,AR2517,1
MIRAGAIA,244,MR1870,0
CLUBE TÉNIS PORTO,245,CTP,0
TV. SIMÕES LOPES,246,TSL1,0
ALFÂNDEGA,247,AL2266,0
TV.SIMÕES LOPES,248,TSL2,0
AGRA,249,AG3063,0
HOSP. STO. ANTÓNIO,250,HS3451,0
MAÍNÇA,251,MA1883,0
PALÁCIO,252,PA3175,1
R.PRAIA,253,RPR,0
ROÇADAS,254,RC2852,0
NOSSA SRA. DA NATIVIDADE,255,NATV,0
PEDROUÇOS-BOMBEIROS,256,PDB1,0
SONHOS,257,SO2420,0
L. ESTEVÃO TORRES,258,LG4030,0
CAROLINA MICHAELIS,259,CM2834,0
MAN.P.AZEVEDO 2,260,MP2274,0
MONTE CATIVO,261,MTCV,0
MAN.P.AZEVEDO 1,262,MP2156,0
MANINHO,263,MN9231,0
ANTÓNIO  AUG.SILVA,264,AA1669,0
PERO COVILHÃ,265,PC2357,0
VILAR DO PARAÍSO,266,VP1490,0
FIGUEIROA,267,FIG,0
PRAIA DO OURIGO,268,PO1707,0
FERR. DOS SANTOS,269,FSTO1,0
MATERNIDADE,270,MA1592,0
MATADOURO,271,MT3103,0
NATÁRIA,272,NA1548,0
CASA DO POVO,273,CP1310,0
R. FUNDA,274,1R3286,0
ANTERO DE QUENTAL,275,AQ2147,0
BR. RAMALDE,276,BR2270,0
R.FUNDA,277,RFND2,0
VISO,278,VI3275,0
CARVALHIDO,279,CV2407,1
LAROZE ROCHA,280,LARZ,0
R. BOUÇA QUEIMADA,281,RB1068,0
VENEZUELA,282,VE3773,0
HOSP. S.TA MARIA,283,HS4476,0
ERMESINDE (FORUM),284,ERM4,0
FONTE DE CONTUMIL,285,FT1456,0
QUARTEL MILITAR,286,QT1838,0
R.7(NASCENTE),287,R7N1,0
R.DA PIEDADE,288,1PEI1,0
HOSP. S. JOÃO (URGÊNCIA),289,HS2829,0
R.7(POENTE),290,R7P1,0
BARCA,291,BA1571,0
IGREJA CAMPANHÃ,292,ICAM1,0
GONÇALO MENDES MAIA,293,MM2205,0
QUINTA AMARELA,294,QT5084,0
R.5,295,R55640,0
FONTE NOVA,296,FTN2,0
PRIMAVERA,297,PM5953,0
INFANTA D. MAFALDA,298,ID3171,0
HOSP. GAIA,299,HG2228,0
JUNTA FREG. BARCA,300,JF3158,0
BERNARDIM RIBEIRO,301,BR4175,0
FONTE MOURISCA,302,FT2949,0
PADRÃO DE MOREIRA,303,PDM4,0
S.ROQUE G. BARROS,304,SRGB3,0
CRUZ. GUARDEIRAS,305,CZ1297,0
FORNOS,306,FR1174,0
SERRALVES (MUSEU),307,SR2748,0
AZEVEDO,308,AZ1920,0
CHÂNCIDRO,309,CHC2,0
FERNÃO MAGALHÃES,310,FMAG,0
R. CONCHAS,311,RCNH2,0
MONFORTE,312,MF1014,0
FONTE DA MOURA,313,FT2968,0
ERMESINDE (IGREJA),314,ER7208,0
1º DE MAIO,315,PM6154,0
MARRACUENE,316,MR7780,0
MANINHOS,317,MA1037,0
PTE.D.MARIA PIA,318,PT9586,0
PISÃO,319,PI1062,0
MOUZINHO  SILVEIRA,320,MS2,0
OUTEIRO,321,OU3334,0
RIBEIRO CAMBADO,322,RC2358,0
MONTE GRANDE,323,MG8290,0
BERNARDO SANTARENO,324,BRNS,0
ROT.LAVRADOR,325,LV2483,0
ANTÓNIO  CARNEIRO,326,ACAR,0
QUINTA ANDORINHAS,327,QT3155,0
COMBONIANOS,328,CB1142,0
CAMPANHÃ,329,CM2246,1
C.SAÚDE RIO TINTO,330,CSRT3,0
C.SAÚDE DE RIO TINTO,331,CSRT4,0
MOUTA,332,MT9888,0
S.RA DA SAÚDE,333,SR1357,0
DAVID CORREIA DA SILVA,334,DC2628,0
MALMEQUERES,335,MA2113,0
GONDOMAR (CÂMARA),336,GODC1,0
CLÉRIGOS,337,CLRG,0
PARQUE CIDADE,338,PR1151,0
ANTÓNIO SANTOS,339,AS1756,0
HENRIQUE MACHADO,340,HM3201,0
IGREJA (MILHEIROS),341,IG2179,0
TV.TRÁS,342,TT7339,0
LAGE,343,LA2622,0
C. C. LONDRES,344,LN5591,0
BR.GUARDAS,345,BR1165,0
ENXINHÃES,346,EN1565,0
SR.DO CALVÁRIO,347,SCAL2,0
GUEIFÃES,348,GU2273,0
PONTE CABRAS,349,PC5908,0
CHÃ,350,CH1464,0
D. MANUEL II,351,DM6400,0
HENRIQUE BARROS,352,HB7334,0
AFONSO HENRIQUES,353,AHRQ2,0
CORREIA PINTO,354,CRRP2,0
ANTUNES AZEVEDO,355,AN3138,0
DR DOMINGOS BONTEMPO,356,DBT1,0
VILA NOVA,357,VLN1,0
VISCONDE BARREIROS,358,VB2322,0
CÂMARA DE VALONGO,359,CMV,0
VASCO GAMA,360,VG4578,0
NAZARÃES,361,NZ5678,0
DR.PORFÍRIO ANDRADE,362,DP2211,0
SACADURA CABRAL,363,SC2047,0
ARCO,364,AR2471,0
MACHADO SANTOS,365,1MST1,0
BOAVISTA (BOM SUCESSO),366,BS6325,0
TV. ENTRE CAMPOS,367,TEC,0
PEDRAS RUBRAS,368,PR1149,0
PINHEIRAL,369,PIN1,0
FERREIRA DE CASTRO,370,FC1097,0
CHÃO VERDE,371,CH1986,0
R. ESTAÇÃO ARAÚJO,372,RE3044,0
SANTOS LEITE,373,SL9302,0
ALDEIA NOVA,374,AN1376,1
D. NUNO A. PEREIRA,375,DN4347,0
MADALENA (IGREJA),376,MDLI2,0
GASPAR CORTE REAL,377,GC1513,0
CARRIÇAL,378,CA2227,0
OLIVEIRA LOBO,379,OL7169,0
R.CONCHAS,380,RCNH1,0
ÁGUAS FERREAS,381,AF3339,0
BARÃO,382,BA2390,0
ALBERTO SAMPAIO,383,ASP2,0
PARQUE J. G. LARANJO,384,PJ1865,0
FARRAPAS,385,FR1954,0
TV. DA COSTA,386,TC1958,0
FORÇAS ARMADAS,387,FA6346,0
BR. DA PASTELEIRA,388,BP2812,0
JOAQUIM ANDRADE,389,JQ1640,0
TV. DE LINHARES,390,TL2580,0
GUARDA,391,GU2451,0
RODRIGUES FREITAS,392,RG1267,0
HOMEM DO LEME,393,HM3277,0
ALMEIRIGA,394,AL1500,0
PAV. DESPORTIVO LUÍS FALCÃO,395,PDLF2,0
INFANTE,396,INF1,0
ABADE MONDEGO,397,AB1494,0
ERMESINDE - B. V.,398,BV2655,0
SAMPAIO,399,SA1813,0
Q.TA DA CONCEICÃO,400,QT3055,0
BAIRRO BESSA LEITE,401,BB9257,0
PORTO CARREIRO,402,PT1759,0
PERAFITA,403,PF4735,0
25 DE ABRIL,404,251307,1
TERMINAL INTERMODAL CAMPANHÃ,405,TI1747,0
ALDEIA  BAIXO,406,ABX1,0
PRADO REPOUSO,407,PR2162,0
GONDIVINHO,408,GN3309,0
R. GATÕES,409,RG6870,0
ERMESINDE (ESTAÇÃO),410,ER4309,0
ESCARPA SERRA PILAR,411,ESPL2,0
PINTOR ARPAD SZENES,412,ASZE1,0
GONDIVAI (SUL),413,GS2634,0
NORTESHOPPING,414,NSHP,0
EXPONOR,415,EX2736,0
MUSEU C. ELÉCTRICO,416,MC8430,0
CAL,417,CA1424,0
MEDANCELHE,418,ME1525,0
CASTRO MEIRELES,419,CM2791,0
S. ROQUE G. BARROS,420,SRGB1,0
LARGO PINTO CORREIA,421,LPC,0
MONTE CRASTO,422,MT1154,0
ESPOSADE,423,ES2643,0
FONTE LUMINOSA,424,FNTL1,0
TRAVAGEM,425,TV2543,0
SANTEGÃOS,426,ST5756,0
BATARIA,427,BA3347,0
S. ROQUE,428,SR2844,1
BESSA,429,BS3492,0
SÁ,430,SA1252,0
LIDADOR-SOEIRO MENDES,431,LD1103,0
EST PRISIONAL DE CUSTOIAS,432,EPC1,0
SR.  MATOSINHOS,433,SMAT3,0
TV.ESCOLAS,434,TE1377,0
LIDADOR (METRO),435,LI3225,0
MATOSINHOS (IGREJA),436,MA5944,0
INFANTE SANTO,437,IS2125,0
VILAR,438,VL2574,1
ARREGADAS (VIADUTO),439,AR3154,0
TV.MEIRAL,440,TMEI1,0
SENDAL,441,SE8462,0
PONTE DA PEDRA,442,PP6997,0
VESSADA,443,VE1096,0
ESTRADA NOVA,444,EN2965,0
RUA DE MOSTEIRO,445,RM1909,0
CRESTINS (METRO),446,CR1995,0
JOÃO PINTO RIBEIRO,447,JP2808,0
MEIRAL,448,ME2272,0
VILARINHO FREIRES,449,VF3138,0
ISEP/AGRA,450,IS2129,1
QUATRO CAMINHOS,451,QC2515,1
ESPOSADE (METRO),452,VD2320,0
RUA DA ESTRADA,453,ES2082,0
MAIA (IGREJA),454,MAII1,0
S.TA JUSTA,455,ST2042,0
PONTE DO CARRO,456,PC3264,0
OS JACINTOS,457,JC1294,0
BR.REGADO,458,BR2368,0
CASTANHEIRA,459,CT3331,0
QUINTA SECA,460,QS1438,0
HOSP. S. JOÃO (CIRCUNVALAÇÃO),461,HS1848,1
PONTE DE MOREIRA,462,PT5539,0
JARDIM ZOOLÓGICO,463,JZ1043,0
AZENHA,464,AZ,0
RECAREI BAIXO,465,RB1080,0
MONTE AVÓ,466,MA2767,0
FELICIANA,467,FE2668,0
CASTELO DO QUEIJO,468,CQ2354,0
STA.CRUZ BISPO,469,ST3098,0
TV. MELO PEREIRA,470,TMPR2,0
TIMOR,471,TI3354,0
FERRARIA,472,FR2134,0
STA. APOLONIA,473,ST1776,0
GATANHAL,474,GT2721,0
PRAIA DE GONDARÉM,475,PG1573,0
TELHEIRA,476,TL1192,1
FONTE,477,FN1845,0
REBORDÃOS,478,RB5549,0
AV.ALIADOS,479,1A2384,1
BALDÕES,480,BL2883,0
R. DO SENHOR,481,RS1089,1
SETE BICAS,482,SE2762,0
PIAS (METRO),483,AJ3088,0
AGUIM,484,AG1497,0
REAL,485,RA1873,1
CIRCUNVALAÇÃO,486,CIRC5,0
CAPUCHINHOS,487,CP1464,0
GONDIVAI (NORTE),488,GN4164,0
TRINDADE,489,TR2349,1
R. NOVA S. GENS,490,RNSG1,0
PADRE ANTÓNIO PORTO,491,PAP2,0
R.NOVA S. GENS,492,RNSG2,0
BR.STO.EUGÉNIO (ESCOLA),493,BSEE2,0
MALACA,494,MA5590,0
SRA.HORA (METRO),495,SRHE3,0
CASA DE SAÚDE DA BOAVISTA,496,CS2633,0
JORNAL DE NOTÍCIAS,497,JN5673,0
IGREJA N.SRA DA AJUDA,498,IN3005,0
RECAREI (NORTE),499,RN5978,0
ESPINHEIRO,500,ES1795,0
URB. VILA D ESTE,501,UVDE1,0
SEA LIFE CASTELO DO QUEIJO,502,CQ5,0
AV.DA BOAVISTA,503,AB1033,0
MOLHE,504,ML3207,0
MARIANI,505,MR1844,0
HOSP.STO. ANTÓNIO,506,HSA,0
AV. DO BESSA,507,AB1593,0
HOSP. PRELADA,508,HP2434,0
CUSTIÓ (METRO),509,CT1657,0
RIO TINTO (ESTAÇÃO),510,RT2110,0
LEVADA,511,LE2237,0
LARGO DO PADRÃO,512,PD1658,0
S. JOÃO DE BRITO,513,SJ2912,0
IGREJA RIO TINTO,514,IG2530,0
REGADAS,515,RG3293,0
AMIAL,516,AM1919,0
DIOGO CÃO,517,DC4376,0
TRAVESSA DE BONJÓIA,518,TBNJ2,0
MARIA LAMAS,519,ML2255,0
CAVADA NOVA,520,CV1289,0
SÁ DE MIRANDA,521,SA8592,0
LGO.CAMPO LINDO,522,LG1432,0
JUNTA FREG. VILAR DO PARAÍSO,523,JF2785,0
RIBEIRA (INFANTE),524,RB2963,0
QUINTA DE BONJÓIA,525,QBNJ2,0
TV. FEIRA,526,TF2,0
PADRE IVO TONELLI,527,PI9422,0
MOCIDADE ARRÁBIDA,528,MARB,0
PINHEIRO DE CAMPANHÃ,529,PINC2,0
LIONESA,530,LION1,0
AZENHA DE CIMA,531,AZ1624,1
ESC.SEC.ABEL SALAZAR,532,ES1912,0
CRUZEIRO (GUIFÕES),533,CRUG1,0
CRASTO,534,CR2489,1
.,535,.,0
BOAVISTA - B.SUCESSO,536,1B2611,1
RIBEIRA,537,RB1280,0
FRANCELOS,538,FRC,0
PR.D.JOÃO I,539,PRDJ2,0
GUERRA JUNQUEIRO,540,GRJ,0
GUILHERME GOMES FERNANDES,541,GGF1,0
TAPADA AZEVEDO,542,TA2652,0
CAPELA SRA.FÁTIMA,543,CP4140,0
ANTÓNIO CÂNDIDO,544,ACN1,0
ALFREDO CUNHA,545,AL1101,0
OLIVEIRA MONTEIRO,546,OLM,0
CASA  DAS ARTES,547,CART,0
P. ABÍLIO SAMPAIO,548,PA1901,0
BELA,549,BE3223,0
MAIA (ZOO),550,MAIZ,0
PONTE LUÍZ I,551,PL1442,0
RUA DA IGREJA,552,1RI1,0
SRA. DA PENHA,553,SR1105,0
ALAMEDA CEDRO,554,ACDR2,0
NOEDA,555,ND2509,0
S. TOMÉ,556,ST3085,0
CAMPO LINDO,557,CP1587,0
LOURINHA,558,LO2889,0
JOÃO R.CABRILHO,559,JRC3,0
MANUEL LARANJEIRA,560,ML1776,0
RECAREI (SUL),561,RS1912,0
PERLINHAS,562,PE4096,0
CEMITÉRIO PARANHOS,563,CPRN4,0
VALE FORMOSO,564,VF2780,0
IMTT,565,IM2798,0
SILVA PORTO,566,SV1045,0
ANTÓNIO COELHO,567,AC1092,0
ESC. SEC. BOA NOVA,568,ES2259,0
VITORINO DAMASIO,569,VD2175,0
MUSEU C. ELÉTRICO,570,MCE4,0
S.TA LUZIA,571,STLZ2,0
IGREJA DE LEÇA,572,IG1103,0
R. 9 ABRIL,573,1R9A1,0
SILVA TAPADA,574,SV3016,0
S. ROQUE (CIRCUNV.),575,SR5,0
RODRIGUES SEMIDE,576,RG1580,0
CARTÓDROMO,577,CR1236,0
PAVILHÃO LUÍS FALCÃO,578,PDLF1,0
RICARDO ALVES,579,RCA,0
VISCONDE DEVESAS,580,VDV2,0
CAMÕES,581,CM4611,0
URB.PRELADA II,582,URBP4,0
PR. DE LIÉGE,583,LI3265,0
DR. EDUARDO SANTOS SILVA,584,DE3073,0
FOZ,585,RFAR1,0
CODICEIRA,586,COD4,0
PEDROUÇOS (CEMITÉRIO),587,PD1528,0
AV. 25 DE ABRIL,588,A25A1,0
LGO DA CODICEIRA,589,CO2340,0
HUMBERTO DELGADO,590,HU1120,0
S.RA DO PORTO,591,SR1212,0
BENTO JÚNIOR,592,BJ2736,0
AREOSA (FEIRA),593,AF3087,0
FARIA GUIMARÃES,594,FG2887,1
R.CRISTAL,595,RC2815,0
BAIRRO DA PREVIDÊNCIA,596,BR2333,0
RUI GAMEIRO,597,RGM,0
ALBERTO MACEDO,598,AB2505,0
AVILHÓ,599,AV4393,0
CRESPO,600,CR2125,0
CARREIRA,601,CR2802,0
TV.FONTE VELHA,602,TF3064,0
TV. ARROTEIA,603,TARR2,0
CUSTÓIAS (FEIRA),604,CU1212,0
FONTE DO CUCO,605,FT1432,0
GUIL. G. FERNANDES,606,GGF,0
PEDROUÇOS DE BAIXO,607,PEDR2,0
PEDRO IVO,608,PI2397,0
CARMO,609,CMO,1
MIOSÓTIS,610,MI2908,0
R.SENHOR,611,RS2461,0
PAUS,612,PA3330,0
COLISEU DO PORTO,613,COLS,0
CUTAMAS,614,CU1207,0
CENTRO SAÚDE,615,CS2273,0
PR. D. JOÃO I,616,PR3117,1
CUSTIÓ,617,CT1901,0
R.TELHEIRA,618,TLHR3,0
PADRÃO MOREIRA,619,PD2580,0
GIESTA,620,GI6143,0
B. V. LEÇA BALIO,621,BV3038,0
J. FREGUESIA PEDROUÇOS,622,JF2460,1
JULGADO DE PAZ,623,JP4078,0
LUÍS DE CAMÕES,624,LCMS1,0
BAIRRO DA VILARINHA,625,BR3052,0
AV.VASCO DA GAMA,626,VG1628,0
RAMALDE DO MEIO,627,RM1945,0
G. MENDES DA MAIA,628,MMAI1,0
FRANCOS (BOMBEIROS),629,FRB,0
PAÇO,630,RP2281,0
BOAVISTA-CASA DA MÚSICA,631,BC2653,1
C.SOCIAL SOUTELO,632,CS3342,0
CENTRO DE SAÚDE SRA HORA,633,CSSH3,0
URB.SOUTELO,634,UR3110,0
RUA DA LAGOA,635,RL2968,0
CABANAS,636,CA3179,0
FEIRA,637,FR3344,0
GODINHO FARIA,638,GF2292,0
R. CENTRO,639,RCT1,0
BAIRRO DA BIQUINHA,640,BR2522,0
AFONSO  HENRIQUES,641,AFHQ3,0
PONTE LEÇA (SUL),642,PTLS3,0
AUGUSTO LESSA,643,AU1994,0
FREIXIEIRO (E.N.107),644,FRXI3,0
SENHOR MATOSINHOS,645,SM1440,0
SENDIM (CEMITÉRIO),646,SD1415,0
GOA,647,GO2074,0
TEIBAS,648,TE3279,0
GONDOMAR FEIRA,649,1GFE1,0
R.NOVA DA FONTE,650,RN1812,0
VILA D'ESTE,651,VDE1,0
C. SAÚDE S. MAMEDE,652,CS2827,0
GRACIOSA,653,GRC1,0
BOAVISTA,654,BO1118,0
C. SAÚDE RAMALDE,655,CS1046,0
MIRA MAIA SHOPPING,656,MMAI5,0
JERÓNIMO AZEVEDO,657,JA3379,1
MAKRO,658,MA1247,0
FONTE DA SENHORA,659,FT3014,0
CASA DA MÚSICA (METRO),660,CM1725,0
PRESA,661,PR3358,0
ALDOAR JUNTA  FREG.,662,AL9726,0
SRA. HORA (METRO),663,SHRM2,0
PRELADA,664,PR3606,1
CONDE FERREIRA,665,CF1065,0
ROT. 1º DE MAIO,666,RTNM,0
AFONSO CORDEIRO,667,AC3100,0
FERREIRA DA CRUZ,668,FC3658,0
SRA. HORA,669,SRHR,0
POUSADA JUVENTUDE,670,PJ6116,0
IGREJA DE PARANHOS,671,IP3228,1
BR. DO AMIAL,672,BR2411,0
LUIS CAMÕES,673,LU2292,0
FÂNZERES (METRO),674,FN2615,0
RIBEIRO TELES,675,RT1803,0
PONTE SECA,676,PS2265,0
SOUTO,677,SO2638,0
URB. PRELADA II,678,URBP3,0
PASSEIO ALEGRE,679,PA5518,0
CASTELOS,680,CT1621,0
TAMANQUEIROS,681,TM2387,0
R.RIBEIRO,682,RR3392,0
MERCADO DO BOLHÃO,683,MC8901,1
SOBREIRO,684,SB3070,0
LGO. DA CRUZ,685,CAVE4,0
GAGO COUTINHO,686,GG5654,0
EST. S.BENTO,687,SBNT3,0
SR. DO CALVÁRIO,688,SC9454,0
AV.LIDADOR DA MAIA,689,AV6817,0
PARADA,690,PR2047,0
TERRAMONTE,691,TR1217,0
DIU/TEATRO,692,DTR,0
LAVADOUROS,693,LV2418,0
MOSTEIRO LEÇA DO BALIO,694,MT2392,0
LEONARDO COIMBRA,695,LN2718,0
C.SAÚDE DE ERMESINDE,696,CS3106,0
BR. FONTE DA MOURA,697,BF1223,0
JÚLIO DINIS,698,JL1982,0
BRÁS OLEIRO,699,BR1365,0
5 DE OUTUBRO,700,5O1371,1
MARGINAL,701,MA1352,0
HOSP. SANTOS SILVA,702,HS1569,0
MONTE DA VIRGEM,703,MV1869,0
RUA 15,704,R15,0
RTP,705,RT3298,0
ALTO DA MAIA,706,AM2876,1
GIL VICENTE,707,GL2576,0
RUA 1,708,R1,0
CORIM,709,CO1359,0
RUA 10,710,R10,0
PEREIRAS,711,PR5671,0
DR.CARLOS FELGUEIRAS,712,DCPF1,0
PORTELINHA,713,PTLH,0
DR. CARLOS FELGUEIRAS,714,DCPF2,0
BR.FONTE DA MOURA,715,BFTM4,0
CORISCOS,716,CO5851,0
PROF. MELO ADRIÃO,717,PFMA2,0
CASA DO CORIM,718,CCOR,0
PEDRA VERDE,719,PD2792,1
ESCARPA SERRA  PILAR,720,ESPL1,0
ALCAIDE FARIA,721,ALCF1,0
C.SAÚDE DE ALDOAR,722,CSA3,0
CONSOLATA,723,CN2872,0
VALONGO-CONTINENTE,724,VLG5,0
ROD. GONÇALVES LAGE (ESTE),725,RG1742,0
ÁGUAS SANTAS,726,AS1403,0
AGUIAR NOGUEIRA,727,AGN,0
PARQUE CAMPISMO,728,PR3366,0
JULIÃO SARMENTO,729,JL8784,0
ROD. GONÇALVES LAGE (OESTE),730,RGLO2,0
MIRANTE,731,MR1546,0
MADALENA (ESCOLAS),732,MD2820,0
BR.CERCO PORTO,733,BC3087,0
PÁDUA CORREIA,734,PDC,0
CRISTOVÃO CERNACHE,735,CC1093,0
FACULDADE DE ENGENHARIA,736,FE3285,0
S.JOÃO BOSCO,737,SJ2138,0
PONTELHAS,738,PT4247,0
CEMITÉRIO STA. MARINHA,739,CMSM1,0
IGREJA CAPUCHINHOS,740,IC3257,0
LAVOURAS,741,LV2211,0
CLUBE CAÇADORES,742,CC2616,0
J.A.E.,743,JA1326,0
FORMIGUEIRO,744,FM2013,0
B.V. COIMBRÕES,745,BVC2,0
ISCET,746,TRH3,0
ARCO DO PRADO,747,AP1292,0
RANHA,748,RN1046,0
RIO TINTO (ESC. SEC.),749,RT2224,0
CRAVEL,750,CR2375,0
LGO.NEVOGILDE,751,LN1366,0
TORRINHA,752,TR3063,0
CEMITÉRIO,753,CE9760,0
ESC.SOARES DOS REIS,754,ES1200,0
BOAVISTA BRASÍLIA,755,BV1043,0
SERRALVES,756,SR2078,0
LINHARES,757,LI6201,0
PÊRO VAZ CAMINHA,758,PV2805,0
RAMADA ALTA,759,RA2114,0
CAMILO C. BRANCO,760,CC3195,0
CEDOFEITA,761,CD2268,0
IGREJA SENHORA DA HORA,762,ISRH4,0
MONTE CASTELO,763,MT2026,0
FRANCELOS-PRAIA,764,FR4488,0
PÊGO NEGRO,765,PN2307,0
SENHORA DA HORA (METRO),766,SHRM4,0
RIBEIRO,767,RB6728,0
GONÇALO CRISTÓVÃO,768,GC2190,1
PRAIA MADALENA SUL,769,PM1309,0
GATÕES,770,GA1104,0
IGREJA CEDOFEITA,771,ICDF1,0
B. V. GONDOMAR,772,BV2547,0
FERNANDO TÁVORA,773,FT2623,0
CARVALHOSA,774,CV9711,0
INST. ONCOLOGIA,775,IPO2,0
BCG,776,BCG,0
ARREGADAS,777,AR1568,0
AV.FRANÇA,778,AVF2,0
MAR SHOPPING NASCENTE,779,MA3386,0
SAPADOR. BOMBEIROS,780,BSB,0
MAR SHOPPING - IKEA,781,IK1877,0
GUARDEIRAS,782,GU2161,0
PISCINA CONSTIT.,783,PISC,0
PISCINA DAS MARÉS,784,PI1074,0
ROT. DA EXPONOR,785,RE3052,0
CORGA,786,CR1176,0
PRAIA DE LEÇA,787,PL1576,0
 DR.DOMINGOS BONTEMPO,788,DBT2,0
PÍCUA,789,PC3273,0
FREIXIEIRO,790,FR1082,0
TV.PINGUELA,791,TP2827,0
BR.LAGARTEIRO,792,BLGT2,0
SRA. DA GUADALUPE,793,SR2097,0
PARQUE ORIENTAL,794,PQ2065,0
S. GEMIL,795,SGM,0
PSP,796,PSP1,0
LAGARTEIRO (NORTE),797,LG7160,0
CERCO DO PORTO,798,CP2029,0
ESCOLAS,799,ES2500,0
MAIA (ESTÁDIO),800,MA1103,0
TV.NOVA DA GIESTA,801,TNG2,0
BR. LAGARTEIRO,802,BLGT1,0
S. GEMIL (CAMINHO FERRO),803,SGMC1,0
JUNTA FREG. CAMPANHÃ,804,JFC,0
TV. NOVA DA GIESTA,805,TNG1,0
MONTE CAMPANHÃ,806,MC2794,0
EÇA DE QUEIROS,807,EQ3378,0
MAIA (CAMARA),808,MAIA4,0
MERCADO DA FOZ,809,MF6357,1
BOI MORTO,810,BO1594,0
ANTÃO DE ALMADA,811,AA1357,0
PR. DO IMPÉRIO,812,PR2907,0
BOLHÃO (METRO),813,BLM,0
PINHAL,814,PN2287,0
D. LEONOR,815,DL1648,0
CANTAREIRA,816,CN2845,0
IGREJA DA FOZ,817,IF2051,0
SENHORA DA LUZ,818,SRLZ1,0
MIGUEL BOMBARDA,819,1M2825,0
VARZIELA,820,VR1999,0
VILA D' ESTE (ESCOLAS),821,VDES,0
ESTR.NACIONAL 109,822,E109,0
PRAIA DOS INGLESES,823,PI2982,1
PASSAL,824,PS7930,0
L.GO 1º DEZEMBRO,825,LPDZ,0
PRAIA DA LUZ,826,PLUZ1,0
BATALHA,827,BT1769,0
CALVÁRIO,828,CL8545,0
PINTO BESSA,829,PB3401,0
IGREJA DE ALFENA,830,IG3316,0
BARROS LIMA,831,BL2486,0
CAMPO 24 DE AGOSTO,832,C21640,1
CONTINENTE,833,CO1721,0
TARALHÃO,834,TA3010,0
ARAÚJO,835,AR3384,0
TRIANA,836,TR2444,0
PRACETA AREIAS,837,PC3064,0
C. SEIXO (SUL),838,CS2446,0
QUINTA BELA VISTA,839,QB3392,0
PONTE CARRAQUINHO,840,PC1453,0
ROSÁRIO,841,ROSA1,0
R.RODELO,842,RRDL1,0
LGO. DA CAPELA,843,LG2865,0
GAIASHOPPING,844,GS2804,0
PISCINAS,845,PCNS,0
DIU,846,DIU1,0
FRANCISCO MAIA,847,FM1760,0
LEÇA F. CLUBE,848,LFC2,0
MIRÃO,849,MI1943,0
PORTELA,850,PT2659,0
AVESSADA,851,AV1307,0
NÓ DO FREIXIEIRO,852,NO6413,0
31 DE JANEIRO,853,312129,0
JACINTO NUNES,854,JNN2,0
R.CRASTO,855,RC1938,0
ALTO DO VISO,856,AV2513,0
BR.CARVALHIDO,857,BRCV,0
PERPÉTUO SOCORRO,858,PS2343,0
ALTO DA AREOSA,859,AA1662,0
ASPRELA,860,AS1358,1
IGREJA AREOSA,861,IA5883,0
FORNO,862,FR8784,0
BOA NOVA,863,BNV2,0
ENCOSTA DA ARRÁBIDA,864,EN3031,0
AV. SALG. ZENHA,865,SG2783,0
ENTRE CANCELAS,866,EC2700,0
OURO,867,OU3860,0
ALTINO DOMINGUES MOREIRA,868,ADM1,0
CAIS DAS PEDRAS,869,CA2338,0
SÁ DA BANDEIRA,870,SDB5,0
ALAMEDA DAS ANTAS,871,AA2951,0
JOSÉ MARIA PEDROTO,872,JMP1,0
VALE FERREIROS,873,VF1357,0
ESCOLA SUPERIOR SAÚDE,874,ESS1,0
COMENDADOR FERREIRA  MATOS,875,CFM,0
C. SAÚDE LEÇA PALMEIRA,876,CS1902,0
SANTA CATARINA,877,SCAT3,0
ÁLVARES CABRAL,878,AC1873,0
MUNDO NOVO,879,MN3358,0
CAMPO PASTELEIRA,880,CM1356,0
S.PEDRO C. /PASSAL,881,SP5946,0
HOSP. P. HISPANO,882,HS6137,0
HUMBERTO CRUZ,883,HM1129,0
ENXURREIRAS,884,EN1111,0
ILHA BRAVA,885,IB9980,0
SEMINÁRIO,886,SEMR,0
BRAGA JÚNIOR,887,BG2959,0
GONÇALO SAMPAIO,888,GO2195,0
TV. ALDEIA NOVA,889,TAN,0
MOINHO VENTO,890,MV6848,0
DEVESAS (ESTAÇÃO),891,DV2293,0
ELECTROCERÂMICA,892,EC,0
ALVES REDOL,893,AL3304,0
R.GRANJA,894,1G2638,0
PARQUE PÍCUA,895,1P1556,0
BIBLIOTECA DE GAIA,896,BI1585,0
FONTE DO OUTEIRO,897,FO8720,0
PAV. GIMNODESPORT.,898,PA1227,0
IGREJA DAS ANTAS,899,IA3230,0
OLIVEIRA ZINA,900,OL8727,0
SALGADO ZENHA,901,SZEN1,0
DIOGO BRANDÃO,902,1DBR1,0
LIMA,903,LI4384,0
JOSÉ FALCÃO,904,JFAL1,0
ILHA,905,ILHA,0
STA. LUZIA (NORTE),906,STLN1,0
ARCA D´ÁGUA,907,1ADA1,0
VALONGO (ESTAÇÃO),908,VL2089,0
ZEFERINO COSTA,909,1ZC1,0
CASTRO PORTUGAL,910,1CAP1,0
NÓ BONJÓIA,911,NOB1,0
ESTAMPARIA LAVADORES,912,EL1156,0
PICÃO,913,PI2231,0
JORGE DIAS,914,JG2785,0
LAVADORES (PRAIA),915,LVP,0
INFANTE D.HENRIQUE,916,INFH2,0
VALADARES (EST),917,VAL,0
AUGUSTO GOMES,918,AGOM1,0
LICEU GARCIA ORTA,919,LG2592,1
BOAVISTA CORREIOS,920,BVCT1,0
PEDRAS SALGADAS,921,PS1619,0
REGUEIRA,922,RGR1,0
CORDOARIA,923,CO1691,1
AFONSO  ALBUQUERQUE,924,AALB,0
MACAU,925,MC1804,0
TV. DE ARDEGÃES,926,TARG1,0
CASA DE RAMALDE,927,CR3043,1
BOAVISTA-B.SUCESSO,928,BS5,0
COMBATENTES G.GUERRA,929,CGG,0
AREIAS,930,AR1635,0
TV. ALDEIA,931,TV1859,0
LÓIOS,932,1LOI3,0
CONS.COSTA AROSO,933,CC4733,0
D.JOÃO II (METRO),934,DJ3116,0
FACULDADE DE ECONOMIA,935,FE1619,0
BAIRRO ANT. AROSO,936,BA9686,0
IGREJA DE ALDOAR,937,IGAL1,0
EIRINHAS,938,EIR3,0
MONTE AVENTINO,939,MA4105,0
DIONÍSIO SANTOS SILVA,940,DSS,0
COUTINHO AZEVEDO,941,CAZ,0
NAVE,942,NAVE2,0
MOREDA,943,MRD,0
DUQUE LOULÉ,944,DQL1,0
BEATA MAFALDA,945,BMAF1,0
CONGOSTAS,946,CN2881,0
COSTA CABRAL,947,CCBR,0
ANTUNES GUIMARÃES,948,AN2044,0
BR. STO. EUGÉNIO,949,BR2897,0
URB. PRELADA,950,UR9405,0
SIDÓNIO PAIS,951,SD1832,1
LORDELO,952,LR3170,0
MARTIM FREITAS,953,MF1,0
INFANTE SAGRES,954,IS1549,0
TV. DA PONTE,955,TP1508,0
VIA NORTE,956,VN6869,0
PADRÃO LÉGUA,957,PL8415,0
SANTOS DIAS,958,SS6989,0
PADRE AMÉRICO,959,PA2190,0
BARREIROS,960,BR1687,0
S. PEDRO DA COVA,961,SP4176,0
ANTONIO ALEIXO,962,AA2740,0
FALCÃO,963,FALC,0
PADRE DEHON,964,PD1465,0
CAMPUS S. JOÃO,965,CSJ4,0
PICOUTOS (VIADUTO),966,PC2166,0
AEROPORTO,967,AEPT1,0
MOALDE,968,MO2705,0
DR.BARROS,969,DRB2,0
PADRÃO DA LÉGUA,970,PL1005,0
MERC. FERR. BORGES,971,MFB2,0
FLORES,972,FL1588,1
CATASSOL,973,CT8136,0
VÁRZEA,974,VA2818,0
R. CERCO DO PORTO,975,RC2158,0
TV. HENRIQUE BRAVO,976,TH3051,0
OLIVEIRA GAIO,977,OG1585,0
CURVA DO 30,978,C31794,0
QUARTEL SRR. PILAR,979,QS1717,0
S.MAMEDE (MERCADO),980,SMMM1,0
ENTRE QUINTAS,981,EQ7222,0
CARVALHEIRO,982,CV3137,0
MONTEDOURO,983,MTD,0
S. MAMEDE,984,SM3282,1
LARANJEIRAS,985,LA1068,0
GUEIFÃES (ESC.EB2/3),986,GU2701,0
SOUTELO BAIXO,987,ST2858,0
C. SEIXO (NORTE),988,CS1562,0
FOGUETEIROS (SUL),989,FG1305,0
PITADA,990,PT2373,0
COVELO,991,CV7713,0
CASAIS NOVOS,992,CN2443,0
I.S.E.P.,993,IS2070,0
AVAL CIMA,994,AV3110,0
BERLENGAS,995,BL2038,0
ALMEIDA VALENTE,996,AL3039,0
BR.DO AMIAL,997,BRA1,0
CENTRAL SEIXO,998,CS6251,0
C. SAÚDE PARANHOS,999,CS1351,0
SISTELO,1000,SS8901,0
S.TA OVAIA,1001,ST2995,0
TV. PASSOS MANUEL,1002,TP3926,0
ALMIRANTE REIS,1003,AR4770,0
CAVADAS,1004,CV3203,0
CARCAVELOS,1005,CR2359,0
ABEL SALAZAR,1006,AS3038,0
MATOSINHOS (CMM),1007,MA3385,0
PICOUTOS,1008,PC2423,0
AZENHA NOVA,1009,AZ2586,0
SÁ E MELO,1010,SM1796,0
TELHEIRO,1011,TL2295,0
DR. AFONSO CORDEIRO,1012,DA1191,0
HOSPITAL MATOSINHOS,1013,HM7076,0
ANTÓNIO PEDRO,1014,AP1644,0
PEDRO MESQUITA,1015,PM1344,0
S.TA EULÁLIA,1016,ST1485,0
S.TA CRUZ,1017,ST9093,0
VINHAL,1018,VI1259,0
CARVALHA,1019,CV1086,0
AV. MENÉRES,1020,AVM1,0
M. FERREIRA PINTO,1021,MF7909,0
CARVALHA DE BAIXO,1022,CB3132,0
R. DAS MATAS,1023,RM1237,0
DR. AMÉRICO COSTA,1024,DA2913,0
ESTIVADA,1025,ES3351,0
ESTR. D. MIGUEL,1026,ED2537,0
SANTANA,1027,ST1459,0
AGRO,1028,AG2619,0
AMOROSA,1029,AM2406,0
TV. MATAS,1030,TM8057,0
ALAM.EMPRESA,1031,AE8238,0
NÓ CANDAL,1032,NOC,0
BICALHO,1033,BI2477,0
COIMBRÕES 1,1034,COB6,0
TV. FONTE LODOSA,1035,1T2785,0
VITERBO CAMPOS,1036,VTC2,0
PARQUE BASÍLIO TELES,1037,PQBT3,0
COIMBRÕES,1038,CO2258,0
SOUSA AROSO,1039,SA1817,0
R. FONTE LODOSA,1040,RF2257,0
PR. M. SILVA REIS,1041,PR2787,0
MATOSINHOS PRAIA,1042,MT1263,0
HOSPITAL MILITAR,1043,HM4316,0
S. PEDRO,1044,SP1779,1
QUINTA INGLESES,1045,QTI,0
PQ BASÍLIO TELES,1046,PQ7567,0
LOTA,1047,LO1726,0
GODINHO,1048,GO6161,0
UNIV. F. PESSOA,1049,UF2412,0
PR. CID. SALVADOR,1050,PC8907,0
D.AFONSO HENRIQUES,1051,AH1768,0
SEARA,1052,SE1728,0
CONSTITUIÇÃO,1053,CO7757,1
BRITO CAPELO,1054,BR2924,1
CRUZ VERMELHA,1055,CZ3100,0
SALGUEIROS,1056,SA2701,0
VITORINO NEMESIO,1057,VN5229,0
PR. DA REPÚBLICA,1058,PR2680,1
COMBATENTES,1059,CO2295,0
ESTÁDIO DO DRAGÃO,1060,ED1099,0
CINTURA INTERNA,1061,CI2941,0
MONTE PEDRO,1062,MT3363,0
ALTO DA SERRA,1063,AS2101,0
LAGARTEIRO,1064,LG8407,0
BELA VISTA,1065,BV4597,0
R. SR MATOSINHOS,1066,RS1643,0
MAJOR PÁLA,1067,MJ1738,0
GANDARA,1068,GD2009,0
MADALENA (C. SAUDE),1069,MDCS1,0
QTA DAS ROSAS,1070,QT1373,0
L. DOMINGOS MATOS,1071,LGDM2,0
CHOUPELO,1072,CH1814,0
CHÃS,1073,CH2788,0
REGO D ÁGUA,1074,RDA2,0
DISPENSÁRIO,1075,DI2395,0
JOAQUIM ALVES SILVA,1076,AL1981,0
DEVESAS,1077,DV2,0
CÂMARA DE GAIA,1078,CM3198,0
VERTIDO,1079,VE1193,0
S.TO OVÍDIO,1080,SO1,0
C. SAÚDE S. REIS,1081,CS1853,0
CAMPO,1082,CM1430,0
CASA DA PRELADA,1083,CP1838,0
SALGUEIRO MAIA,1084,SA6039,0
SARDOAL,1085,SR2488,0
STO. OVÍDIO,1086,SO3173,1
ANTÓNIO R.ROCHA,1087,ARR,0
SOARES DOS REIS,1088,SR1833,1
GOMES AZURARA,1089,GA1081,0
ESC. EB 2/3 S REIS,1090,EB2715,0
BR. CEDRO,1091,BR2480,0
CEMITÉRIO NOVO,1092,CN2794,0
GENERAL TORRES,1093,GE2978,1
ISCAP,1094,IS7127,0
LGO. DOS AVIADORES,1095,LG5831,0
ESC. SUP. EDUCAÇÃO,1096,ES1431,0
RUELA,1097,RU2015,0
S. MAMEDE (MERCADO),1098,SMMM2,0
COMPLEXO MUNICIPAL PEDROUÇOS,1099,CMPD2,0
AGOSTINHO A. SOUSA,1100,AGAS2,0
ALAM. CEDRO,1101,ACDR1,0
AGOST. A. SOUSA,1102,AGAS1,0
BOLHÃO (FIRMEZA),1103,BLFZ1,0
RUA FIRMEZA,1104,RFZ1,0
CANCELINHAS,1105,CCL,0
IGREJA CAMPO,1106,CM2795,0
FACULDADE DE CIÊNCIAS,1107,FC8390,0
VISO (METRO),1108,VI1044,0
RIO FERREIRA,1109,RF8979,0
BICHEIROS,1110,BC4812,0
JARDINS DA ARRÁBIDA,1111,JA6625,0
LEÇA F.CLUBE,1112,LFC,0
LIDADOR / M. MONIZ,1113,LDDM,0
PEREIRA MELO,1114,PM1446,0
MANSO,1115,MN2732,0
CARREIROS,1116,CR4246,0
MONTE S.BRÁS,1117,MSB2,0
REGADIO,1118,RG1616,0
TV.FORNO,1119,TV1945,0
EST.S.BENTO,1120,1SBNT1,0
FOGUETEIROS,1121,FG2606,0
PR. DA GALIZA,1122,PR2962,0
CUSTÓIAS (METRO),1123,CS9997,0
JUNTA MASSARELOS,1124,JM7842,1
DR.ANTÓNIO GRANJO,1125,DAG1,0
SANTOS POUSADA,1126,STP1,0
PONTE DA ARRÁBIDA,1127,PA8620,0
GÓLGOTA,1128,GG2047,0
BOAVISTA CEMITÉRIO,1129,BVCM3,1
PARAÍSO (METRO),1130,PR1759,0
BOAVISTA (MERCADO),1131,RBVM1,0
MAN.P.AZEVEDO 3,1132,MP3389,0
ARDEGÃES,1133,AR2581,0
R. DO MOSTEIRO,1134,RM2282,0
ROD. GONÇALVES LAGE,1135,RGLO1,0
ESC.BAS.ALFENA,1136,1E1765,0
MAIA (CÂMARA),1137,MAIA3,0
PR.FILIPA DE LENCASTRE,1138,PR8534,1
ALTO DE SOUTELO,1139,AS3353,0
S.JOÃO DE BRITO,1140,1SJB1,0
TV.CRUZES,1141,TC1359,0
S. CAETANO,1142,SC8866,1
NOVAS CONSTRUÇÕES,1143,NCON1,0
OLIVEIRAS,1144,OL1393,0
PINHEIRO,1145,PI2886,0
GNR,1146,GN2503,0
QUELHAS,1147,QU2529,0
VERMOIM,1148,VR5548,0
LGO. ALJUBARROTA,1149,LGAJ3,0
QUINTA NOVA,1150,QN2944,0
ROT. ENG. EDGAR CARDOSO,1151,RECA1,0
CARLOS AMARANTE,1152,CA7045,0
ROSA MOTA,1153,RM1146,0
COVILHÃ,1154,CO7356,0
ESCOLA IRMÃOS PASSOS,1155,EIP1,0
HOSP. STA. MARIA,1156,HSM2,0
OUTEIRINHO,1157,OT5528,0
LUGARINHO,1158,LUG2,0
R. CHAQUEDAS,1159,RCH2,0
EÇA QUEIRÓS,1160,EQ2023,0
MIRADOURO,1161,MR1281,0
MAIASHOPPING,1162,MS6903,0
PEDRAS RUBRAS (METRO),1163,PR2255,0
FUNDIÇÃO,1164,FN4713,0
CHÃOS,1165,CH5410,0
PAVILHÃO CPN,1166,PV2109,0
CAMÉLIAS,1167,CM1235,0
VASCO DA GAMA,1168,VA9994,0
GANDRA,1169,GA3330,0
SEIXO,1170,SX2214,0
9 DE AGOSTO,1171,9A2814,0
MONTE S. BRÁS,1172,MSB1,0
TOURAIS,1173,TOR4,0
SOUTINHO,1174,ST1547,0
MONTE DOS BURGOS,1175,MT2299,0
FLOR DA SERRA,1176,FS1324,0
AREIAS CABEDELO,1177,AC3052,0
JOSÉ MARIA ALVES,1178,JMA,0
ALUMIARA,1179,AL1204,0
CRISTO REI,1180,CR2601,0
SRA. DA HORA,1181,RSH,0
NEVOGILDE,1182,NE8738,0
PINHAIS DA FOZ,1183,PF3284,0
TV.BRÁS OLEIRO,1184,TV3777,0
D.PEDRO V,1185,DP3366,0
ALDEIA DE BAIXO,1186,ABX2,0
R.CAMPO ALEGRE,1187,CALE,0
S.BENTO,1188,1SBNT,0
SILVA AROSO,1189,SA,0
NOVA LISBOA,1190,NV1187,0
TV. PENEDO,1191,TPEN,0
MADALENA,1192,MDLP,0
HENRIQUE CERNACHE,1193,HR2915,0
CHANCIDRO,1194,CHC1,0
GESTALINHO,1195,GEST,0
S.GEMIL (CAMINHO FERRO),1196,SGMC2,0
STA. LUZIA,1197,ST2136,0
ZONA INDUSTRIAL,1198,ZO1512,1
PENEDOS,1199,PN1817,0
BARREIRO,1200,BR2743,0
FACULDADE ARQUITETURA,1201,FCA,0
PARQUE DA REPÚBLICA,1202,PREP2,0
MONTE PENEDO,1203,MP1767,0
ANTÓNIO MARQUES,1204,AM7935,0
SERPA PINTO,1205,SP2072,0
S. SEBASTIÃO,1206,SS9053,0
MONTE DOS PIPOS,1207,MP8020,0
LGO. MONTINHO,1208,LGM2,0
BELO HORIZONTE,1209,BH1080,0
CABO MUNDO,1210,CB2646,0
BR.CONTUMIL,1211,BCNT,0
APDL,1212,AP2370,0
PADRE LUIS CAMPOS,1213,PL3146,0
REGUINHO D ÁGUA,1214,RD2814,0
C.SAÚDE DA  SRA.HORA,1215,CSSH1,0
1º DE DEZEMBRO,1216,PD2401,0
ROT. DA AREOSA,1217,RO1870,0
BOTICA,1218,BTC2,0
PRECIOSA,1219,PR7649,0
ENG. FERREIRA DIAS,1220,EF3008,0
BONFIM BARREIROS,1221,BFB,0
DR. A. COSTA MAIA,1222,DA2461,0
MOREIRA SÁ,1223,MRS2,0
CERRO,1224,CE2298,0
S. CRISPIM,1225,SC1341,0
JOAQUIM ALVES DA SILVA (SUL),1226,JA1259,0
MTE BURGOS (CIRC.),1227,MT2844,0
BARROSA,1228,BRRS,0
PR. DA CORUJEIRA,1229,PCRJ1,0
VILA COVA,1230,VL1487,0
BONJÓIA,1231,BN7548,0
GODIM,1232,GD1451,0
 ALTOS,1233,AL2223,0
IGREJA DE CAMPANHÃ,1234,ICAM2,0
ILHÉU,1235,ILH2,0
LARGO EIRÓS,1236,LE3860,0
VARANDAS,1237,VR1733,0
D.JOÃO I,1238,DJ1,0
R.CENTRO,1239,RCT2,0
FONTE VELHA,1240,FV2324,0
LUIS WOODHOUSE,1241,LW3241,0
PEGO NEGRO,1242,PN8585,0
PRACETA OLIVEIRAS,1243,PC9404,0
FREIXO,1244,FR3216,0
EZEQUIEL CAMPOS,1245,EZ2480,0
PEREIRÓ,1246,PR1401,0
SOUTO CONTUMIL,1247,STCT,0
R. CONTUMIL,1248,RC1616,0
PAULO NOVAIS,1249,PN1338,0
NAVAS TOLOSA,1250,NVT,0
VALADARES,1251,VAL1,0
AV. ALIADOS,1252,AA1146,1
ANTÓNIO CARDOSO,1253,AC2008,0
PARQUE NASCENTE,1254,PQ5832,0
ROT. A.E.P.,1255,RA2810,1
AREINHO,1256,AR3169,0
